strategy_key,strategy_name,total_return,vt_total_return,spy_total_return,excess_return_vs_vt,excess_return_vs_spy,max_drawdown,avg_cash_weight,information_ratio_vs_vt,information_ratio_vs_spy
s1,S1 Exposure Regime Overlay,1.546536873783,1.499333093877,2.000323571068,0.018886550185,-0.151245919494,-0.251241341828,0.270477398460,0.000494657187,-0.022719036650
s2,S2 Cross-Fund Consensus Sector Tilt,0.822831494927,1.499333093877,2.000323571068,-0.270672844931,-0.392455029682,-0.220818262131,0.424303490065,-0.034553380068,-0.050639156652
s3,S3 PIF Cash-Aware Base Plus NBIM Overlay,0.580246918401,1.499333093877,2.000323571068,-0.367732567431,-0.473307834648,-0.602482982232,0.078485780204,-0.001954301903,-0.006726954846
s4,S4 N4 Sleeve With PIF Risk Filter,1.343933737129,1.499333093877,2.000323571068,-0.062176329009,-0.218773015107,-0.243167792519,0.275757837364,-0.010467239069,-0.035519550503
s5,S5 N6 Sleeve With PIF Risk Filter,1.339482023984,1.499333093877,2.000323571068,-0.063957489414,-0.220256759456,-0.293663180053,0.271525238749,-0.012694721213,-0.043039874232
